<?xml version="1.0" encoding="UTF-8"?>
<beans xmlns="http://www.springframework.org/schema/beans"
	xmlns:xsi="http://www.w3.org/2001/XMLSchema-instance"
	xmlns:context="http://www.springframework.org/schema/context"
	xmlns:mvc="http://www.springframework.org/schema/mvc"
	xsi:schemaLocation="http://www.springframework.org/schema/mvc http://www.springframework.org/schema/mvc/spring-mvc-4.3.xsd
		http://www.springframework.org/schema/beans https://www.springframework.org/schema/beans/spring-beans.xsd
		http://www.springframework.org/schema/context http://www.springframework.org/schema/context/spring-context-4.3.xsd">
	
	<!-- Root Context: defines shared resources visible to all other web components -->
											<!-- 여기서 객체 생성해서 -->
		<bean id="hikariConfig" class="com.zaxxer.hikari.HikariConfig">
			 <!--   <property name="driverClassName" value="oracle.jdbc.driver.OracleDriver"></property>
			<property name="jdbcUrl" value="jdbc:oracle:thin:@localhost:1521:XE"></property> --> 
			<property name="driverClassName" value="oracle.jdbc.driver.OracleDriver"></property>
			<property name="jdbcUrl" value="jdbc:oracle:thin:@localhost:1521:XE"></property>
			<property name="username" value="bigdata"></property>
			<property name="password" value="1234"></property>
		</bean> 
		<!-- HikariCp Configuration -->  <!-- 여기서 파라미터 보내줌 , getter 생성 -->
		<bean id="dataSource" class="com.zaxxer.hikari.HikariDataSource" destroy-method="close">
			<constructor-arg ref="hikariConfig"></constructor-arg>
		</bean>
										<!-- 클래스 찾는 것 -->
		<!-- <context:component-scan base-package="com.mycompany.myapp.sample"></context:component-scan> -->
</beans>
